ts_iso,endpoint,http_status,client_total_ms,server_latency_ms,url,cold_start
2025-11-06T17:40:16Z,ce_batch,200,17.578,11.223,http://34.8.201.151/send/batch,
2025-11-06T17:40:17Z,ce_batch,200,19.453,12.235,http://34.8.201.151/send/batch,
2025-11-06T17:40:17Z,ce_batch,200,14.623,10,http://34.8.201.151/send/batch,
2025-11-06T17:40:18Z,ce_batch,200,18.579,12.475,http://34.8.201.151/send/batch,
2025-11-06T17:40:19Z,ce_batch,200,15.989,11.659,http://34.8.201.151/send/batch,
2025-11-06T17:40:19Z,ce_batch,200,19.0,11.62,http://34.8.201.151/send/batch,
2025-11-06T17:40:20Z,ce_batch,200,19.458,11.429,http://34.8.201.151/send/batch,
2025-11-06T17:40:21Z,ce_batch,200,23.085,13.733,http://34.8.201.151/send/batch,
2025-11-06T17:40:21Z,ce_batch,200,19.941,12.088,http://34.8.201.151/send/batch,
2025-11-06T17:40:22Z,ce_batch,200,24.988,12.083,http://34.8.201.151/send/batch,
2025-11-06T17:40:23Z,ce_batch,200,18.476,11.041,http://34.8.201.151/send/batch,
2025-11-06T17:40:24Z,ce_batch,200,15.992,10.961,http://34.8.201.151/send/batch,
2025-11-06T17:40:24Z,ce_batch,200,19.437,12.843,http://34.8.201.151/send/batch,
2025-11-06T17:40:25Z,ce_batch,200,26.173,18.488,http://34.8.201.151/send/batch,
2025-11-06T17:40:26Z,ce_batch,200,17.434,11.548,http://34.8.201.151/send/batch,
2025-11-06T17:40:26Z,ce_batch,200,17.965,12.627,http://34.8.201.151/send/batch,
2025-11-06T17:40:27Z,ce_batch,200,17.791,11.993,http://34.8.201.151/send/batch,
2025-11-06T17:40:28Z,ce_batch,200,24.112,11.478,http://34.8.201.151/send/batch,
2025-11-06T17:40:28Z,ce_batch,200,17.441,12.315,http://34.8.201.151/send/batch,
2025-11-06T17:40:29Z,ce_batch,200,17.17,11.519,http://34.8.201.151/send/batch,
2025-11-06T17:40:30Z,ce_batch,200,18.115,11.885,http://34.8.201.151/send/batch,
2025-11-06T17:40:31Z,ce_batch,200,17.846,12.346,http://34.8.201.151/send/batch,
2025-11-06T17:40:31Z,ce_batch,200,16.536,11.507,http://34.8.201.151/send/batch,
2025-11-06T17:40:32Z,ce_batch,200,16.915,11.156,http://34.8.201.151/send/batch,
2025-11-06T17:40:33Z,ce_batch,200,22.552,11.238,http://34.8.201.151/send/batch,
2025-11-06T17:40:33Z,ce_batch,200,17.222,11.436,http://34.8.201.151/send/batch,
2025-11-06T17:40:34Z,ce_batch,200,16.654,10.942,http://34.8.201.151/send/batch,
2025-11-06T17:40:35Z,ce_batch,200,24.176,11.303,http://34.8.201.151/send/batch,
2025-11-06T17:40:35Z,ce_batch,200,16.801,11.707,http://34.8.201.151/send/batch,
2025-11-06T17:40:36Z,ce_batch,200,17.721,11.434,http://34.8.201.151/send/batch,
2025-11-06T17:40:37Z,ce_batch,200,17.361,10.935,http://34.8.201.151/send/batch,
2025-11-06T17:40:38Z,ce_batch,200,17.622,11.934,http://34.8.201.151/send/batch,
2025-11-06T17:40:38Z,ce_batch,200,18.381,12.788,http://34.8.201.151/send/batch,
2025-11-06T17:40:39Z,ce_batch,200,22.386,10.908,http://34.8.201.151/send/batch,
2025-11-06T17:40:40Z,ce_batch,200,17.391,11.762,http://34.8.201.151/send/batch,
2025-11-06T17:40:40Z,ce_batch,200,18.408,11.28,http://34.8.201.151/send/batch,
2025-11-06T17:40:41Z,ce_batch,200,17.122,11.438,http://34.8.201.151/send/batch,
2025-11-06T17:40:42Z,ce_batch,200,20.622,13.93,http://34.8.201.151/send/batch,
2025-11-06T17:40:42Z,ce_batch,200,18.164,11.843,http://34.8.201.151/send/batch,
2025-11-06T17:40:43Z,ce_batch,200,17.687,11.262,http://34.8.201.151/send/batch,
2025-11-06T17:40:44Z,ce_batch,200,17.602,11.863,http://34.8.201.151/send/batch,
2025-11-06T17:40:44Z,ce_batch,200,17.678,12.831,http://34.8.201.151/send/batch,
2025-11-06T17:40:45Z,ce_batch,200,18.731,12.682,http://34.8.201.151/send/batch,
2025-11-06T17:40:46Z,ce_batch,200,16.087,10.187,http://34.8.201.151/send/batch,
2025-11-06T17:40:47Z,ce_batch,200,17.132,11.353,http://34.8.201.151/send/batch,
2025-11-06T17:40:47Z,ce_batch,200,17.537,12.038,http://34.8.201.151/send/batch,
2025-11-06T17:40:48Z,ce_batch,200,17.093,11.946,http://34.8.201.151/send/batch,
2025-11-06T17:40:49Z,ce_batch,200,24.448,11.039,http://34.8.201.151/send/batch,
2025-11-06T17:40:49Z,ce_batch,200,17.816,12.416,http://34.8.201.151/send/batch,
2025-11-06T17:40:50Z,ce_batch,200,21.454,11.198,http://34.8.201.151/send/batch,
2025-11-06T17:40:51Z,ce_batch,200,18.476,12.514,http://34.8.201.151/send/batch,
2025-11-06T17:40:51Z,ce_batch,200,17.767,11.804,http://34.8.201.151/send/batch,
2025-11-06T17:40:52Z,ce_batch,200,17.401,12.114,http://34.8.201.151/send/batch,
2025-11-06T17:40:53Z,ce_batch,200,18.633,12.911,http://34.8.201.151/send/batch,
2025-11-06T17:40:54Z,ce_batch,200,16.18,10.902,http://34.8.201.151/send/batch,
2025-11-06T17:40:54Z,ce_batch,200,17.12,11.332,http://34.8.201.151/send/batch,
2025-11-06T17:40:55Z,ce_batch,200,17.311,12.609,http://34.8.201.151/send/batch,
2025-11-06T17:40:56Z,ce_batch,200,16.432,11.171,http://34.8.201.151/send/batch,
2025-11-06T17:40:56Z,ce_batch,200,21.02,12.502,http://34.8.201.151/send/batch,
2025-11-06T17:40:57Z,ce_batch,200,17.906,12.061,http://34.8.201.151/send/batch,
2025-11-06T17:40:58Z,ce_batch,200,20.551,11.811,http://34.8.201.151/send/batch,
2025-11-06T17:40:59Z,ce_batch,200,28.704,11.623,http://34.8.201.151/send/batch,
2025-11-06T17:40:59Z,ce_batch,200,16.612,11.285,http://34.8.201.151/send/batch,
2025-11-06T17:41:00Z,ce_batch,200,17.274,11.576,http://34.8.201.151/send/batch,
2025-11-06T17:41:01Z,ce_batch,200,20.955,11.158,http://34.8.201.151/send/batch,
2025-11-06T17:41:01Z,ce_batch,200,16.309,11.568,http://34.8.201.151/send/batch,
2025-11-06T17:41:02Z,ce_batch,200,18.13,12.034,http://34.8.201.151/send/batch,
2025-11-06T17:41:03Z,ce_batch,200,16.467,11.085,http://34.8.201.151/send/batch,
2025-11-06T17:41:03Z,ce_batch,200,18.501,11.471,http://34.8.201.151/send/batch,
2025-11-06T17:41:04Z,ce_batch,200,22.273,16.141,http://34.8.201.151/send/batch,
2025-11-06T17:41:05Z,ce_batch,200,17.394,12.144,http://34.8.201.151/send/batch,
2025-11-06T17:41:06Z,ce_batch,200,20.123,12.966,http://34.8.201.151/send/batch,
2025-11-06T17:41:06Z,ce_batch,200,18.527,11.21,http://34.8.201.151/send/batch,
2025-11-06T17:41:07Z,ce_batch,200,15.74,8.968,http://34.8.201.151/send/batch,
2025-11-06T17:41:08Z,ce_batch,200,16.462,11.75,http://34.8.201.151/send/batch,
2025-11-06T17:41:08Z,ce_batch,200,23.628,12.356,http://34.8.201.151/send/batch,
2025-11-06T17:41:09Z,ce_batch,200,17.697,12.148,http://34.8.201.151/send/batch,
2025-11-06T17:41:10Z,ce_batch,200,19.951,11.711,http://34.8.201.151/send/batch,
2025-11-06T17:41:10Z,ce_batch,200,17.493,11.479,http://34.8.201.151/send/batch,
2025-11-06T17:41:11Z,ce_batch,200,17.39,11.108,http://34.8.201.151/send/batch,
2025-11-06T17:41:12Z,ce_batch,200,15.898,11.331,http://34.8.201.151/send/batch,
2025-11-06T17:41:13Z,ce_batch,200,17.187,11.827,http://34.8.201.151/send/batch,
2025-11-06T17:41:13Z,ce_batch,200,19.961,11.696,http://34.8.201.151/send/batch,
2025-11-06T17:41:14Z,ce_batch,200,17.415,12.269,http://34.8.201.151/send/batch,
2025-11-06T17:41:15Z,ce_batch,200,18.624,12.745,http://34.8.201.151/send/batch,
2025-11-06T17:41:15Z,ce_batch,200,16.524,11.829,http://34.8.201.151/send/batch,
2025-11-06T17:41:16Z,ce_batch,200,16.389,11.69,http://34.8.201.151/send/batch,
2025-11-06T17:41:17Z,ce_batch,200,19.273,12.966,http://34.8.201.151/send/batch,
2025-11-06T17:41:17Z,ce_batch,200,17.572,11.047,http://34.8.201.151/send/batch,
2025-11-06T17:41:18Z,ce_batch,200,19.751,11.52,http://34.8.201.151/send/batch,
2025-11-06T17:41:19Z,ce_batch,200,15.921,12.043,http://34.8.201.151/send/batch,
2025-11-06T17:41:20Z,ce_batch,200,20.453,14.074,http://34.8.201.151/send/batch,
2025-11-06T17:41:20Z,ce_batch,200,18.845,14.346,http://34.8.201.151/send/batch,
2025-11-06T17:41:21Z,ce_batch,200,16.591,11.703,http://34.8.201.151/send/batch,
2025-11-06T17:41:22Z,ce_batch,200,20.302,12.181,http://34.8.201.151/send/batch,
2025-11-06T17:41:22Z,ce_batch,200,18.479,12.686,http://34.8.201.151/send/batch,
2025-11-06T17:41:23Z,ce_batch,200,16.578,11.24,http://34.8.201.151/send/batch,
2025-11-06T17:41:24Z,ce_batch,200,18.283,13.097,http://34.8.201.151/send/batch,
2025-11-06T17:41:25Z,ce_batch,200,18.713,11.629,http://34.8.201.151/send/batch,
2025-11-06T17:41:25Z,ce_batch,200,16.397,10.977,http://34.8.201.151/send/batch,
2025-11-06T17:41:26Z,ce_batch,200,17.445,12.852,http://34.8.201.151/send/batch,
2025-11-06T17:41:27Z,ce_batch,200,20.184,13.726,http://34.8.201.151/send/batch,
2025-11-06T17:41:27Z,ce_batch,200,17.671,12.583,http://34.8.201.151/send/batch,
2025-11-06T17:41:28Z,ce_batch,200,25.734,11.638,http://34.8.201.151/send/batch,
2025-11-06T17:41:29Z,ce_batch,200,17.68,12.256,http://34.8.201.151/send/batch,
2025-11-06T17:41:29Z,ce_batch,200,18.745,11.708,http://34.8.201.151/send/batch,
2025-11-06T17:41:30Z,ce_batch,200,19.287,12.648,http://34.8.201.151/send/batch,
2025-11-06T17:41:31Z,ce_batch,200,17.329,12.455,http://34.8.201.151/send/batch,
2025-11-06T17:41:32Z,ce_batch,200,16.76,11.015,http://34.8.201.151/send/batch,
2025-11-06T17:41:32Z,ce_batch,200,16.617,11.651,http://34.8.201.151/send/batch,
2025-11-06T17:41:33Z,ce_batch,200,17.479,11.783,http://34.8.201.151/send/batch,
2025-11-06T17:41:34Z,ce_batch,200,17.306,11.197,http://34.8.201.151/send/batch,
2025-11-06T17:41:34Z,ce_batch,200,17.393,11.725,http://34.8.201.151/send/batch,
2025-11-06T17:41:35Z,ce_batch,200,15.803,10.719,http://34.8.201.151/send/batch,
2025-11-06T17:41:36Z,ce_batch,200,17.257,12.296,http://34.8.201.151/send/batch,
2025-11-06T17:41:36Z,ce_batch,200,26.704,12.889,http://34.8.201.151/send/batch,
2025-11-06T17:41:37Z,ce_batch,200,24.906,20.18,http://34.8.201.151/send/batch,
2025-11-06T17:41:38Z,ce_batch,200,19.242,12.844,http://34.8.201.151/send/batch,
2025-11-06T17:41:39Z,ce_batch,200,18.134,12.156,http://34.8.201.151/send/batch,
2025-11-06T17:41:39Z,ce_batch,200,15.826,11.544,http://34.8.201.151/send/batch,
2025-11-06T17:41:40Z,ce_batch,200,16.933,12.027,http://34.8.201.151/send/batch,
2025-11-06T17:41:41Z,ce_batch,200,23.301,12.022,http://34.8.201.151/send/batch,
2025-11-06T17:41:41Z,ce_batch,200,17.607,11.923,http://34.8.201.151/send/batch,
2025-11-06T17:41:42Z,ce_batch,200,17.757,12.571,http://34.8.201.151/send/batch,
2025-11-06T17:41:43Z,ce_batch,200,19.968,12.172,http://34.8.201.151/send/batch,
2025-11-06T17:41:43Z,ce_batch,200,17.345,11.986,http://34.8.201.151/send/batch,
2025-11-06T17:41:44Z,ce_batch,200,17.255,12.269,http://34.8.201.151/send/batch,
2025-11-06T17:41:45Z,ce_batch,200,17.798,12.352,http://34.8.201.151/send/batch,
2025-11-06T17:41:46Z,ce_batch,200,18.314,12.707,http://34.8.201.151/send/batch,
2025-11-06T17:41:46Z,ce_batch,200,20.047,12.946,http://34.8.201.151/send/batch,
2025-11-06T17:41:47Z,ce_batch,200,17.867,11.67,http://34.8.201.151/send/batch,
2025-11-06T17:41:48Z,ce_batch,200,17.762,12.804,http://34.8.201.151/send/batch,
2025-11-06T17:41:48Z,ce_batch,200,18.384,13.105,http://34.8.201.151/send/batch,
2025-11-06T17:41:49Z,ce_batch,200,18.386,12.486,http://34.8.201.151/send/batch,
2025-11-06T17:41:50Z,ce_batch,200,18.161,11.731,http://34.8.201.151/send/batch,
2025-11-06T17:41:50Z,ce_batch,200,16.163,11.547,http://34.8.201.151/send/batch,
2025-11-06T17:41:51Z,ce_batch,200,17.961,12.558,http://34.8.201.151/send/batch,
2025-11-06T17:41:52Z,ce_batch,200,24.606,17.379,http://34.8.201.151/send/batch,
2025-11-06T17:41:53Z,ce_batch,200,17.482,12.291,http://34.8.201.151/send/batch,
2025-11-06T17:41:53Z,ce_batch,200,15.953,11.273,http://34.8.201.151/send/batch,
2025-11-06T17:41:54Z,ce_batch,200,23.202,11.157,http://34.8.201.151/send/batch,
2025-11-06T17:41:55Z,ce_batch,200,17.33,11.635,http://34.8.201.151/send/batch,
2025-11-06T17:41:55Z,ce_batch,200,19.338,10.875,http://34.8.201.151/send/batch,
2025-11-06T17:41:56Z,ce_batch,200,16.894,12.052,http://34.8.201.151/send/batch,
2025-11-06T17:41:57Z,ce_batch,200,15.974,11.657,http://34.8.201.151/send/batch,
2025-11-06T17:41:57Z,ce_batch,200,16.445,11.305,http://34.8.201.151/send/batch,
2025-11-06T17:41:58Z,ce_batch,200,17.756,11.65,http://34.8.201.151/send/batch,
2025-11-06T17:41:59Z,ce_batch,200,15.685,11.294,http://34.8.201.151/send/batch,
2025-11-06T17:42:00Z,ce_batch,200,16.903,11.153,http://34.8.201.151/send/batch,
2025-11-06T17:42:00Z,ce_batch,200,18.496,11.938,http://34.8.201.151/send/batch,
2025-11-06T17:42:01Z,ce_batch,200,18.85,12.447,http://34.8.201.151/send/batch,
2025-11-06T17:42:02Z,ce_batch,200,23.721,12.922,http://34.8.201.151/send/batch,
2025-11-06T17:42:02Z,ce_batch,200,16.21,10.88,http://34.8.201.151/send/batch,
2025-11-06T17:42:03Z,ce_batch,200,17.218,11.31,http://34.8.201.151/send/batch,
2025-11-06T17:42:04Z,ce_batch,200,18.81,11.987,http://34.8.201.151/send/batch,
2025-11-06T17:42:04Z,ce_batch,200,17.185,11.127,http://34.8.201.151/send/batch,
2025-11-06T17:42:05Z,ce_batch,200,19.264,10.895,http://34.8.201.151/send/batch,
2025-11-06T17:42:06Z,ce_batch,200,22.619,11.988,http://34.8.201.151/send/batch,
2025-11-06T17:42:07Z,ce_batch,200,21.137,11.655,http://34.8.201.151/send/batch,
2025-11-06T17:42:07Z,ce_batch,200,17.134,11.854,http://34.8.201.151/send/batch,
2025-11-06T17:42:08Z,ce_batch,200,18.389,12.169,http://34.8.201.151/send/batch,
2025-11-06T17:42:09Z,ce_batch,200,17.685,11.693,http://34.8.201.151/send/batch,
2025-11-06T17:42:09Z,ce_batch,200,18.36,12.078,http://34.8.201.151/send/batch,
2025-11-06T17:42:10Z,ce_batch,200,19.669,12.879,http://34.8.201.151/send/batch,
2025-11-06T17:42:11Z,ce_batch,200,18.783,11.795,http://34.8.201.151/send/batch,
2025-11-06T17:42:11Z,ce_batch,200,17.709,11.994,http://34.8.201.151/send/batch,
2025-11-06T17:42:12Z,ce_batch,200,18.034,12.006,http://34.8.201.151/send/batch,
2025-11-06T17:42:13Z,ce_batch,200,15.611,12.235,http://34.8.201.151/send/batch,
2025-11-06T17:42:14Z,ce_batch,200,19.301,12.61,http://34.8.201.151/send/batch,
2025-11-06T17:42:14Z,ce_batch,200,16.758,11.524,http://34.8.201.151/send/batch,
2025-11-06T17:42:15Z,ce_batch,200,18.42,11.136,http://34.8.201.151/send/batch,
2025-11-06T17:42:16Z,ce_batch,200,18.423,12.152,http://34.8.201.151/send/batch,
2025-11-06T17:42:16Z,ce_batch,200,21.065,14.227,http://34.8.201.151/send/batch,
2025-11-06T17:42:17Z,ce_batch,200,17.016,10.943,http://34.8.201.151/send/batch,
2025-11-06T17:42:18Z,ce_batch,200,18.89,11.981,http://34.8.201.151/send/batch,
2025-11-06T17:42:18Z,ce_batch,200,17.78,12.292,http://34.8.201.151/send/batch,
2025-11-06T17:42:19Z,ce_batch,200,24.764,15.632,http://34.8.201.151/send/batch,
2025-11-06T17:42:20Z,ce_batch,200,26.14,12.812,http://34.8.201.151/send/batch,
2025-11-06T17:42:21Z,ce_batch,200,19.114,12.208,http://34.8.201.151/send/batch,
2025-11-06T17:42:21Z,ce_batch,200,17.103,11.503,http://34.8.201.151/send/batch,
2025-11-06T17:42:22Z,ce_batch,200,17.757,11.506,http://34.8.201.151/send/batch,
2025-11-06T17:42:23Z,ce_batch,200,22.557,17.004,http://34.8.201.151/send/batch,
2025-11-06T17:42:23Z,ce_batch,200,19.114,12.349,http://34.8.201.151/send/batch,
2025-11-06T17:42:24Z,ce_batch,200,17.01,11.661,http://34.8.201.151/send/batch,
2025-11-06T17:42:25Z,ce_batch,200,21.922,16.203,http://34.8.201.151/send/batch,
2025-11-06T17:42:25Z,ce_batch,200,28.344,11.813,http://34.8.201.151/send/batch,
2025-11-06T17:42:26Z,ce_batch,200,17.081,11.444,http://34.8.201.151/send/batch,
2025-11-06T17:42:27Z,ce_batch,200,21.477,12.531,http://34.8.201.151/send/batch,
2025-11-06T17:42:28Z,ce_batch,200,20.575,14.858,http://34.8.201.151/send/batch,
2025-11-06T17:42:28Z,ce_batch,200,17.608,12.772,http://34.8.201.151/send/batch,
2025-11-06T17:42:29Z,ce_batch,200,16.872,11.282,http://34.8.201.151/send/batch,
2025-11-06T17:42:30Z,ce_batch,200,18.459,10.872,http://34.8.201.151/send/batch,
2025-11-06T17:42:30Z,ce_batch,200,21.341,14.691,http://34.8.201.151/send/batch,
2025-11-06T17:42:31Z,ce_batch,200,17.225,11.696,http://34.8.201.151/send/batch,
2025-11-06T17:42:32Z,ce_batch,200,18.493,11.436,http://34.8.201.151/send/batch,
2025-11-06T17:42:33Z,ce_batch,200,16.077,11.342,http://34.8.201.151/send/batch,
2025-11-06T17:42:33Z,ce_batch,200,19.238,11.308,http://34.8.201.151/send/batch,
2025-11-06T17:42:34Z,ce_batch,200,20.794,11.491,http://34.8.201.151/send/batch,
2025-11-06T17:42:35Z,ce_batch,200,16.305,10.857,http://34.8.201.151/send/batch,
2025-11-06T17:42:35Z,ce_batch,200,16.067,11.498,http://34.8.201.151/send/batch,
2025-11-06T17:42:36Z,ce_batch,200,17.207,11.981,http://34.8.201.151/send/batch,
2025-11-06T17:42:37Z,ce_batch,200,20.16,11.604,http://34.8.201.151/send/batch,
2025-11-06T17:42:37Z,ce_batch,200,16.905,12.059,http://34.8.201.151/send/batch,
2025-11-06T17:42:38Z,ce_batch,200,17.31,11.518,http://34.8.201.151/send/batch,
2025-11-06T17:42:39Z,ce_batch,200,21.244,11.83,http://34.8.201.151/send/batch,
2025-11-06T17:42:40Z,ce_batch,200,19.183,12.338,http://34.8.201.151/send/batch,
2025-11-06T17:42:40Z,ce_batch,200,17.473,11.878,http://34.8.201.151/send/batch,
2025-11-06T17:42:41Z,ce_batch,200,19.756,12.039,http://34.8.201.151/send/batch,
2025-11-06T17:42:42Z,ce_batch,200,17.952,11.807,http://34.8.201.151/send/batch,
2025-11-06T17:42:42Z,ce_batch,200,18.118,11.582,http://34.8.201.151/send/batch,
2025-11-06T17:42:43Z,ce_batch,200,18.028,10.659,http://34.8.201.151/send/batch,
2025-11-06T17:42:44Z,ce_batch,200,15.52,10.878,http://34.8.201.151/send/batch,
2025-11-06T17:42:44Z,ce_batch,200,16.867,11.503,http://34.8.201.151/send/batch,
2025-11-06T17:42:45Z,ce_batch,200,18.939,12.416,http://34.8.201.151/send/batch,
2025-11-06T17:42:46Z,ce_batch,200,17.467,11.562,http://34.8.201.151/send/batch,
2025-11-06T17:42:47Z,ce_batch,200,18.207,10.298,http://34.8.201.151/send/batch,
2025-11-06T17:42:47Z,ce_batch,200,22.294,16.273,http://34.8.201.151/send/batch,
2025-11-06T17:42:48Z,ce_batch,200,18.136,11.581,http://34.8.201.151/send/batch,
2025-11-06T17:42:49Z,ce_batch,200,18.696,12.876,http://34.8.201.151/send/batch,
2025-11-06T17:42:49Z,ce_batch,200,29.479,11.218,http://34.8.201.151/send/batch,
2025-11-06T17:42:50Z,ce_batch,200,15.618,11.21,http://34.8.201.151/send/batch,
2025-11-06T17:42:51Z,ce_batch,200,17.842,12.172,http://34.8.201.151/send/batch,
2025-11-06T17:42:51Z,ce_batch,200,15.625,11.99,http://34.8.201.151/send/batch,
2025-11-06T17:42:52Z,ce_batch,200,18.196,11.524,http://34.8.201.151/send/batch,
2025-11-06T17:42:53Z,ce_batch,200,18.491,12.128,http://34.8.201.151/send/batch,
2025-11-06T17:42:54Z,ce_batch,200,18.141,12.016,http://34.8.201.151/send/batch,
2025-11-06T17:42:54Z,ce_batch,200,19.636,13.055,http://34.8.201.151/send/batch,
2025-11-06T17:42:55Z,ce_batch,200,15.954,11.634,http://34.8.201.151/send/batch,
2025-11-06T17:42:56Z,ce_batch,200,25.307,11.047,http://34.8.201.151/send/batch,
2025-11-06T17:42:56Z,ce_batch,200,18.216,12.635,http://34.8.201.151/send/batch,
2025-11-06T17:42:57Z,ce_batch,200,18.303,14.052,http://34.8.201.151/send/batch,
2025-11-06T17:42:58Z,ce_batch,200,17.513,12.289,http://34.8.201.151/send/batch,
2025-11-06T17:42:58Z,ce_batch,200,19.663,14.597,http://34.8.201.151/send/batch,
2025-11-06T17:42:59Z,ce_batch,200,17.499,11.571,http://34.8.201.151/send/batch,
2025-11-06T17:43:00Z,ce_batch,200,18.058,12.297,http://34.8.201.151/send/batch,
2025-11-06T17:43:01Z,ce_batch,200,21.735,13.173,http://34.8.201.151/send/batch,
2025-11-06T17:43:01Z,ce_batch,200,17.269,11.702,http://34.8.201.151/send/batch,
2025-11-06T17:43:02Z,ce_batch,200,18.858,11.617,http://34.8.201.151/send/batch,
2025-11-06T17:43:03Z,ce_batch,200,23.833,13.581,http://34.8.201.151/send/batch,
2025-11-06T17:43:03Z,ce_batch,200,17.071,11.401,http://34.8.201.151/send/batch,
2025-11-06T17:43:04Z,ce_batch,200,18.884,13.45,http://34.8.201.151/send/batch,
2025-11-06T17:43:05Z,ce_batch,200,17.413,11.527,http://34.8.201.151/send/batch,
2025-11-06T17:43:05Z,ce_batch,200,16.411,11.108,http://34.8.201.151/send/batch,
2025-11-06T17:43:06Z,ce_batch,200,16.931,11.13,http://34.8.201.151/send/batch,
2025-11-06T17:43:07Z,ce_batch,200,17.776,12.041,http://34.8.201.151/send/batch,
2025-11-06T17:43:08Z,ce_batch,200,17.244,11.872,http://34.8.201.151/send/batch,
2025-11-06T17:43:08Z,ce_batch,200,15.871,11.193,http://34.8.201.151/send/batch,
2025-11-06T17:43:09Z,ce_batch,200,20.52,11.91,http://34.8.201.151/send/batch,
2025-11-06T17:43:10Z,ce_batch,200,16.209,11.102,http://34.8.201.151/send/batch,
2025-11-06T17:43:10Z,ce_batch,200,19.609,11.973,http://34.8.201.151/send/batch,
2025-11-06T17:43:11Z,ce_batch,200,21.403,12.081,http://34.8.201.151/send/batch,
2025-11-06T17:43:12Z,ce_batch,200,16.773,11.221,http://34.8.201.151/send/batch,
2025-11-06T17:43:12Z,ce_batch,200,32.786,23.236,http://34.8.201.151/send/batch,
2025-11-06T17:43:13Z,ce_batch,200,21.473,16.766,http://34.8.201.151/send/batch,
2025-11-06T17:43:14Z,ce_batch,200,17.738,12.429,http://34.8.201.151/send/batch,
2025-11-06T17:43:15Z,ce_batch,200,17.328,11.428,http://34.8.201.151/send/batch,
2025-11-06T17:43:15Z,ce_batch,200,17.383,12.215,http://34.8.201.151/send/batch,
2025-11-06T17:43:16Z,ce_batch,200,17.057,12.131,http://34.8.201.151/send/batch,
2025-11-06T17:43:17Z,ce_batch,200,19.191,13.115,http://34.8.201.151/send/batch,
2025-11-06T17:43:17Z,ce_batch,200,16.983,11.289,http://34.8.201.151/send/batch,
2025-11-06T17:43:18Z,ce_batch,200,19.79,11.399,http://34.8.201.151/send/batch,
2025-11-06T17:43:19Z,ce_batch,200,16.533,11.318,http://34.8.201.151/send/batch,
2025-11-06T17:43:19Z,ce_batch,200,16.738,11.288,http://34.8.201.151/send/batch,
2025-11-06T17:43:20Z,ce_batch,200,21.367,14.419,http://34.8.201.151/send/batch,
2025-11-06T17:43:21Z,ce_batch,200,18.007,11.848,http://34.8.201.151/send/batch,
2025-11-06T17:43:22Z,ce_batch,200,16.51,11.331,http://34.8.201.151/send/batch,
2025-11-06T17:43:22Z,ce_batch,200,18.172,12.725,http://34.8.201.151/send/batch,
2025-11-06T17:43:23Z,ce_batch,200,16.611,11.366,http://34.8.201.151/send/batch,
2025-11-06T17:43:24Z,ce_batch,200,17.81,12.193,http://34.8.201.151/send/batch,
2025-11-06T17:43:24Z,ce_batch,200,18.311,13.274,http://34.8.201.151/send/batch,
2025-11-06T17:43:25Z,ce_batch,200,16.114,11.436,http://34.8.201.151/send/batch,
2025-11-06T17:43:26Z,ce_batch,200,19.238,13.081,http://34.8.201.151/send/batch,
2025-11-06T17:43:26Z,ce_batch,200,19.204,12.288,http://34.8.201.151/send/batch,
2025-11-06T17:43:27Z,ce_batch,200,21.819,11.417,http://34.8.201.151/send/batch,
2025-11-06T17:43:28Z,ce_batch,200,17.19,11.567,http://34.8.201.151/send/batch,
2025-11-06T17:43:29Z,ce_batch,200,18.463,12.072,http://34.8.201.151/send/batch,
2025-11-06T17:43:29Z,ce_batch,200,24.183,11.329,http://34.8.201.151/send/batch,
2025-11-06T17:43:30Z,ce_batch,200,16.872,12.047,http://34.8.201.151/send/batch,
2025-11-06T17:43:31Z,ce_batch,200,18.252,12.376,http://34.8.201.151/send/batch,
2025-11-06T17:43:31Z,ce_batch,200,17.387,12.252,http://34.8.201.151/send/batch,
2025-11-06T17:43:32Z,ce_batch,200,16.9,11.613,http://34.8.201.151/send/batch,
2025-11-06T17:43:33Z,ce_batch,200,16.741,11.207,http://34.8.201.151/send/batch,
2025-11-06T17:43:33Z,ce_batch,200,17.867,11.924,http://34.8.201.151/send/batch,
2025-11-06T17:43:34Z,ce_batch,200,18.688,11.101,http://34.8.201.151/send/batch,
2025-11-06T17:43:35Z,ce_batch,200,18.399,11.166,http://34.8.201.151/send/batch,
2025-11-06T17:43:36Z,ce_batch,200,16.911,11.162,http://34.8.201.151/send/batch,
2025-11-06T17:43:36Z,ce_batch,200,16.311,10.407,http://34.8.201.151/send/batch,
2025-11-06T17:43:37Z,ce_batch,200,18.05,13.115,http://34.8.201.151/send/batch,
2025-11-06T17:43:38Z,ce_batch,200,17.051,11.019,http://34.8.201.151/send/batch,
2025-11-06T17:43:38Z,ce_batch,200,17.93,11.597,http://34.8.201.151/send/batch,
2025-11-06T17:43:39Z,ce_batch,200,19.656,12.942,http://34.8.201.151/send/batch,
2025-11-06T17:43:40Z,ce_batch,200,17.382,12.324,http://34.8.201.151/send/batch,
2025-11-06T17:43:40Z,ce_batch,200,18.824,11.831,http://34.8.201.151/send/batch,
2025-11-06T17:43:41Z,ce_batch,200,17.957,11.265,http://34.8.201.151/send/batch,
2025-11-06T17:43:42Z,ce_batch,200,17.255,11.403,http://34.8.201.151/send/batch,
2025-11-06T17:43:42Z,ce_batch,200,17.384,12.375,http://34.8.201.151/send/batch,
2025-11-06T17:43:43Z,ce_batch,200,17.121,11.335,http://34.8.201.151/send/batch,
2025-11-06T17:43:44Z,ce_batch,200,17.281,11.542,http://34.8.201.151/send/batch,
2025-11-06T17:43:45Z,ce_batch,200,18.274,12.506,http://34.8.201.151/send/batch,
2025-11-06T17:43:45Z,ce_batch,200,17.751,11.287,http://34.8.201.151/send/batch,
2025-11-06T17:43:46Z,ce_batch,200,20.582,12.451,http://34.8.201.151/send/batch,
2025-11-06T17:43:47Z,ce_batch,200,19.365,14.484,http://34.8.201.151/send/batch,
2025-11-06T17:43:47Z,ce_batch,200,17.073,11.9,http://34.8.201.151/send/batch,
2025-11-06T17:43:48Z,ce_batch,200,20.923,13.778,http://34.8.201.151/send/batch,
2025-11-06T17:43:49Z,ce_batch,200,17.664,12.864,http://34.8.201.151/send/batch,
2025-11-06T17:43:49Z,ce_batch,200,17.195,11.661,http://34.8.201.151/send/batch,
2025-11-06T17:43:50Z,ce_batch,200,17.84,11.912,http://34.8.201.151/send/batch,
2025-11-06T17:43:51Z,ce_batch,200,17.599,11.446,http://34.8.201.151/send/batch,
2025-11-06T17:43:52Z,ce_batch,200,17.742,11.435,http://34.8.201.151/send/batch,
2025-11-06T17:43:52Z,ce_batch,200,23.849,11.249,http://34.8.201.151/send/batch,
2025-11-06T17:43:53Z,ce_batch,200,17.247,11.072,http://34.8.201.151/send/batch,
2025-11-06T17:43:54Z,ce_batch,200,18.32,12.073,http://34.8.201.151/send/batch,
2025-11-06T17:43:54Z,ce_batch,200,18.067,11.954,http://34.8.201.151/send/batch,
2025-11-06T17:43:55Z,ce_batch,200,17.543,12.372,http://34.8.201.151/send/batch,
2025-11-06T17:43:56Z,ce_batch,200,16.246,11.571,http://34.8.201.151/send/batch,
2025-11-06T17:43:56Z,ce_batch,200,16.242,11.212,http://34.8.201.151/send/batch,
2025-11-06T17:43:57Z,ce_batch,200,17.183,12.025,http://34.8.201.151/send/batch,
2025-11-06T17:43:58Z,ce_batch,200,17.001,11.153,http://34.8.201.151/send/batch,
2025-11-06T17:43:58Z,ce_batch,200,29.473,14.236,http://34.8.201.151/send/batch,
2025-11-06T17:43:59Z,ce_batch,200,23.85,12.225,http://34.8.201.151/send/batch,
2025-11-06T17:44:00Z,ce_batch,200,20.164,12.125,http://34.8.201.151/send/batch,
2025-11-06T17:44:01Z,ce_batch,200,17.769,11.523,http://34.8.201.151/send/batch,
2025-11-06T17:44:01Z,ce_batch,200,18.817,12.761,http://34.8.201.151/send/batch,
2025-11-06T17:44:02Z,ce_batch,200,22.391,11.12,http://34.8.201.151/send/batch,
2025-11-06T17:44:03Z,ce_batch,200,16.108,10.986,http://34.8.201.151/send/batch,
2025-11-06T17:44:03Z,ce_batch,200,17.153,10.93,http://34.8.201.151/send/batch,
2025-11-06T17:44:04Z,ce_batch,200,16.805,11.521,http://34.8.201.151/send/batch,
2025-11-06T17:44:05Z,ce_batch,200,18.974,13.685,http://34.8.201.151/send/batch,
2025-11-06T17:44:05Z,ce_batch,200,19.856,12.592,http://34.8.201.151/send/batch,
2025-11-06T17:44:06Z,ce_batch,200,17.679,12.309,http://34.8.201.151/send/batch,
2025-11-06T17:44:07Z,ce_batch,200,18.07,11.846,http://34.8.201.151/send/batch,
2025-11-06T17:44:08Z,ce_batch,200,20.99,12.795,http://34.8.201.151/send/batch,
2025-11-06T17:44:08Z,ce_batch,200,23.67,19.178,http://34.8.201.151/send/batch,
2025-11-06T17:44:09Z,ce_batch,200,16.585,11.787,http://34.8.201.151/send/batch,
2025-11-06T17:44:10Z,ce_batch,200,16.546,11.604,http://34.8.201.151/send/batch,
2025-11-06T17:44:10Z,ce_batch,200,16.881,12.104,http://34.8.201.151/send/batch,
2025-11-06T17:44:11Z,ce_batch,200,22.707,14.482,http://34.8.201.151/send/batch,
2025-11-06T17:44:12Z,ce_batch,200,20.904,12.749,http://34.8.201.151/send/batch,
2025-11-06T17:44:12Z,ce_batch,200,16.525,11.604,http://34.8.201.151/send/batch,
2025-11-06T17:44:13Z,ce_batch,200,17.619,11.787,http://34.8.201.151/send/batch,
2025-11-06T17:44:14Z,ce_batch,200,18.407,10.93,http://34.8.201.151/send/batch,
2025-11-06T17:44:15Z,ce_batch,200,17.418,11.234,http://34.8.201.151/send/batch,
2025-11-06T17:44:15Z,ce_batch,200,19.691,12.302,http://34.8.201.151/send/batch,
2025-11-06T17:44:16Z,ce_batch,200,17.456,11.965,http://34.8.201.151/send/batch,
2025-11-06T17:44:17Z,ce_batch,200,20.341,15.855,http://34.8.201.151/send/batch,
2025-11-06T17:44:17Z,ce_batch,200,17.239,11.913,http://34.8.201.151/send/batch,
2025-11-06T17:44:18Z,ce_batch,200,17.522,12.859,http://34.8.201.151/send/batch,
2025-11-06T17:44:19Z,ce_batch,200,20.858,11.579,http://34.8.201.151/send/batch,
2025-11-06T17:44:19Z,ce_batch,200,21.887,11.356,http://34.8.201.151/send/batch,
2025-11-06T17:44:20Z,ce_batch,200,17.962,12.538,http://34.8.201.151/send/batch,
2025-11-06T17:44:21Z,ce_batch,200,16.979,12.125,http://34.8.201.151/send/batch,
2025-11-06T17:44:21Z,ce_batch,200,18.489,11.231,http://34.8.201.151/send/batch,
2025-11-06T17:44:22Z,ce_batch,200,21.107,15.289,http://34.8.201.151/send/batch,
2025-11-06T17:44:23Z,ce_batch,200,18.539,13.028,http://34.8.201.151/send/batch,
2025-11-06T17:44:24Z,ce_batch,200,18.652,13.428,http://34.8.201.151/send/batch,
2025-11-06T17:44:24Z,ce_batch,200,16.809,11.191,http://34.8.201.151/send/batch,
2025-11-06T17:44:25Z,ce_batch,200,28.521,15.348,http://34.8.201.151/send/batch,
2025-11-06T17:44:26Z,ce_batch,200,18.283,10.937,http://34.8.201.151/send/batch,
2025-11-06T17:44:26Z,ce_batch,200,16.202,11.668,http://34.8.201.151/send/batch,
2025-11-06T17:44:27Z,ce_batch,200,19.578,11.589,http://34.8.201.151/send/batch,
2025-11-06T17:44:28Z,ce_batch,200,20.83,15.602,http://34.8.201.151/send/batch,
2025-11-06T17:44:29Z,ce_batch,200,17.096,12.145,http://34.8.201.151/send/batch,
2025-11-06T17:44:29Z,ce_batch,200,17.597,12.292,http://34.8.201.151/send/batch,
2025-11-06T17:44:30Z,ce_batch,200,16.54,11.595,http://34.8.201.151/send/batch,
2025-11-06T17:44:31Z,ce_batch,200,18.97,12.675,http://34.8.201.151/send/batch,
2025-11-06T17:44:31Z,ce_batch,200,16.745,11.761,http://34.8.201.151/send/batch,
2025-11-06T17:44:32Z,ce_batch,200,17.524,11.946,http://34.8.201.151/send/batch,
2025-11-06T17:44:33Z,ce_batch,200,17.321,11.146,http://34.8.201.151/send/batch,
2025-11-06T17:44:33Z,ce_batch,200,16.449,11.57,http://34.8.201.151/send/batch,
2025-11-06T17:44:34Z,ce_batch,200,16.208,11.33,http://34.8.201.151/send/batch,
2025-11-06T17:44:35Z,ce_batch,200,17.984,10.965,http://34.8.201.151/send/batch,
2025-11-06T17:44:36Z,ce_batch,200,18.259,12.975,http://34.8.201.151/send/batch,
2025-11-06T17:44:36Z,ce_batch,200,17.59,10.996,http://34.8.201.151/send/batch,
2025-11-06T17:44:37Z,ce_batch,200,17.703,11.829,http://34.8.201.151/send/batch,
2025-11-06T17:44:38Z,ce_batch,200,16.903,11.702,http://34.8.201.151/send/batch,
2025-11-06T17:44:38Z,ce_batch,200,17.174,10.399,http://34.8.201.151/send/batch,
2025-11-06T17:44:39Z,ce_batch,200,18.165,12.904,http://34.8.201.151/send/batch,
2025-11-06T17:44:40Z,ce_batch,200,16.38,11.238,http://34.8.201.151/send/batch,
2025-11-06T17:44:40Z,ce_batch,200,17.419,11.002,http://34.8.201.151/send/batch,
2025-11-06T17:44:41Z,ce_batch,200,17.83,12.464,http://34.8.201.151/send/batch,
2025-11-06T17:44:42Z,ce_batch,200,18.095,12.326,http://34.8.201.151/send/batch,
2025-11-06T17:44:42Z,ce_batch,200,17.553,12.258,http://34.8.201.151/send/batch,
2025-11-06T17:44:43Z,ce_batch,200,25.716,11.857,http://34.8.201.151/send/batch,
2025-11-06T17:44:44Z,ce_batch,200,17.302,11.133,http://34.8.201.151/send/batch,
2025-11-06T17:44:45Z,ce_batch,200,16.71,11.872,http://34.8.201.151/send/batch,
2025-11-06T17:44:45Z,ce_batch,200,18.498,12.334,http://34.8.201.151/send/batch,
2025-11-06T17:44:46Z,ce_batch,200,17.225,12.043,http://34.8.201.151/send/batch,
2025-11-06T17:44:47Z,ce_batch,200,17.963,11.889,http://34.8.201.151/send/batch,
2025-11-06T17:44:47Z,ce_batch,200,21.926,11.402,http://34.8.201.151/send/batch,
2025-11-06T17:44:48Z,ce_batch,200,16.3,11.467,http://34.8.201.151/send/batch,
2025-11-06T17:44:49Z,ce_batch,200,15.86,11.384,http://34.8.201.151/send/batch,
2025-11-06T17:44:49Z,ce_batch,200,16.684,11.718,http://34.8.201.151/send/batch,
2025-11-06T17:44:50Z,ce_batch,200,17.205,11.345,http://34.8.201.151/send/batch,
2025-11-06T17:44:51Z,ce_batch,200,17.119,11.857,http://34.8.201.151/send/batch,
2025-11-06T17:44:52Z,ce_batch,200,19.868,12.067,http://34.8.201.151/send/batch,
2025-11-06T17:44:52Z,ce_batch,200,23.431,12.458,http://34.8.201.151/send/batch,
2025-11-06T17:44:53Z,ce_batch,200,17.048,11.629,http://34.8.201.151/send/batch,
2025-11-06T17:44:54Z,ce_batch,200,18.582,13.152,http://34.8.201.151/send/batch,
2025-11-06T17:44:54Z,ce_batch,200,30.317,10.909,http://34.8.201.151/send/batch,
2025-11-06T17:44:55Z,ce_batch,200,19.076,11.82,http://34.8.201.151/send/batch,
2025-11-06T17:44:56Z,ce_batch,200,18.52,12.298,http://34.8.201.151/send/batch,
2025-11-06T17:44:56Z,ce_batch,200,16.614,11.274,http://34.8.201.151/send/batch,
2025-11-06T17:44:57Z,ce_batch,200,18.463,11.831,http://34.8.201.151/send/batch,
2025-11-06T17:44:58Z,ce_batch,200,18.489,12.055,http://34.8.201.151/send/batch,
2025-11-06T17:44:59Z,ce_batch,200,18.858,11.482,http://34.8.201.151/send/batch,
2025-11-06T17:44:59Z,ce_batch,200,19.419,13.266,http://34.8.201.151/send/batch,
2025-11-06T17:45:00Z,ce_batch,200,18.783,11.857,http://34.8.201.151/send/batch,
2025-11-06T17:45:01Z,ce_batch,200,19.059,12.325,http://34.8.201.151/send/batch,
2025-11-06T17:45:01Z,ce_batch,200,18.525,12.555,http://34.8.201.151/send/batch,
2025-11-06T17:45:02Z,ce_batch,200,25.933,12.886,http://34.8.201.151/send/batch,
2025-11-06T17:45:03Z,ce_batch,200,16.847,12.54,http://34.8.201.151/send/batch,
2025-11-06T17:45:03Z,ce_batch,200,22.311,12.482,http://34.8.201.151/send/batch,
2025-11-06T17:45:04Z,ce_batch,200,19.464,12.202,http://34.8.201.151/send/batch,
2025-11-06T17:45:05Z,ce_batch,200,18.569,13.151,http://34.8.201.151/send/batch,
2025-11-06T17:45:06Z,ce_batch,200,17.753,11.991,http://34.8.201.151/send/batch,
2025-11-06T17:45:06Z,ce_batch,200,26.186,11.028,http://34.8.201.151/send/batch,
2025-11-06T17:45:07Z,ce_batch,200,17.1,11.398,http://34.8.201.151/send/batch,
2025-11-06T17:45:08Z,ce_batch,200,16.73,11.699,http://34.8.201.151/send/batch,
2025-11-06T17:45:08Z,ce_batch,200,16.777,11.827,http://34.8.201.151/send/batch,
2025-11-06T17:45:09Z,ce_batch,200,16.685,11.159,http://34.8.201.151/send/batch,
2025-11-06T17:45:10Z,ce_batch,200,24.392,13.46,http://34.8.201.151/send/batch,
2025-11-06T17:45:10Z,ce_batch,200,17.817,12.285,http://34.8.201.151/send/batch,
2025-11-06T17:45:11Z,ce_batch,200,17.552,12.518,http://34.8.201.151/send/batch,
2025-11-06T17:45:12Z,ce_batch,200,18.895,12.858,http://34.8.201.151/send/batch,
2025-11-06T17:45:13Z,ce_batch,200,17.284,10.881,http://34.8.201.151/send/batch,
2025-11-06T17:45:13Z,ce_batch,200,22.604,16.95,http://34.8.201.151/send/batch,
2025-11-06T17:45:14Z,ce_batch,200,16.019,11.162,http://34.8.201.151/send/batch,
2025-11-06T17:45:15Z,ce_batch,200,22.686,11.726,http://34.8.201.151/send/batch,
2025-11-06T17:45:15Z,ce_batch,200,16.652,11.438,http://34.8.201.151/send/batch,
2025-11-06T17:45:16Z,ce_batch,200,18.346,12.513,http://34.8.201.151/send/batch,
2025-11-06T17:45:17Z,ce_batch,200,16.326,11.426,http://34.8.201.151/send/batch,
2025-11-06T17:45:17Z,ce_batch,200,17.199,11.824,http://34.8.201.151/send/batch,
2025-11-06T17:45:18Z,ce_batch,200,17.739,12.082,http://34.8.201.151/send/batch,
2025-11-06T17:45:19Z,ce_batch,200,17.4,11.895,http://34.8.201.151/send/batch,
2025-11-06T17:45:20Z,ce_batch,200,18.893,12.02,http://34.8.201.151/send/batch,
2025-11-06T17:45:20Z,ce_batch,200,24.531,18.281,http://34.8.201.151/send/batch,
2025-11-06T17:45:21Z,ce_batch,200,17.953,12.39,http://34.8.201.151/send/batch,
2025-11-06T17:45:22Z,ce_batch,200,16.127,11.324,http://34.8.201.151/send/batch,
2025-11-06T17:45:22Z,ce_batch,200,17.042,11.788,http://34.8.201.151/send/batch,
2025-11-06T17:45:23Z,ce_batch,200,18.125,12.528,http://34.8.201.151/send/batch,
2025-11-06T17:45:24Z,ce_batch,200,17.6,11.769,http://34.8.201.151/send/batch,
2025-11-06T17:45:24Z,ce_batch,200,17.362,12.616,http://34.8.201.151/send/batch,
2025-11-06T17:45:25Z,ce_batch,200,16.109,11.383,http://34.8.201.151/send/batch,
2025-11-06T17:45:26Z,ce_batch,200,17.601,13.113,http://34.8.201.151/send/batch,
2025-11-06T17:45:27Z,ce_batch,200,16.7,11.209,http://34.8.201.151/send/batch,
2025-11-06T17:45:27Z,ce_batch,200,17.149,12.089,http://34.8.201.151/send/batch,
2025-11-06T17:45:28Z,ce_batch,200,17.199,11.524,http://34.8.201.151/send/batch,
2025-11-06T17:45:29Z,ce_batch,200,19.409,13.125,http://34.8.201.151/send/batch,
2025-11-06T17:45:29Z,ce_batch,200,17.655,11.814,http://34.8.201.151/send/batch,
2025-11-06T17:45:30Z,ce_batch,200,16.956,11.51,http://34.8.201.151/send/batch,
2025-11-06T17:45:31Z,ce_batch,200,17.149,11.226,http://34.8.201.151/send/batch,
2025-11-06T17:45:31Z,ce_batch,200,21.248,12.002,http://34.8.201.151/send/batch,
2025-11-06T17:45:32Z,ce_batch,200,19.913,11.902,http://34.8.201.151/send/batch,
2025-11-06T17:45:33Z,ce_batch,200,18.986,11.422,http://34.8.201.151/send/batch,
2025-11-06T17:45:34Z,ce_batch,200,16.882,11.291,http://34.8.201.151/send/batch,
2025-11-06T17:45:34Z,ce_batch,200,25.149,20.195,http://34.8.201.151/send/batch,
2025-11-06T17:45:35Z,ce_batch,200,16.483,10.987,http://34.8.201.151/send/batch,
2025-11-06T17:45:36Z,ce_batch,200,18.941,11.493,http://34.8.201.151/send/batch,
2025-11-06T17:45:36Z,ce_batch,200,18.386,13.094,http://34.8.201.151/send/batch,
2025-11-06T17:45:37Z,ce_batch,200,16.544,11.837,http://34.8.201.151/send/batch,
2025-11-06T17:45:38Z,ce_batch,200,17.141,12.381,http://34.8.201.151/send/batch,
2025-11-06T17:45:38Z,ce_batch,200,21.854,11.856,http://34.8.201.151/send/batch,
2025-11-06T17:45:39Z,ce_batch,200,18.951,11.692,http://34.8.201.151/send/batch,
2025-11-06T17:45:40Z,ce_batch,200,20.56,11.152,http://34.8.201.151/send/batch,
2025-11-06T17:45:41Z,ce_batch,200,17.833,10.01,http://34.8.201.151/send/batch,
2025-11-06T17:45:41Z,ce_batch,200,16.195,11.815,http://34.8.201.151/send/batch,
2025-11-06T17:45:42Z,ce_batch,200,16.477,10.873,http://34.8.201.151/send/batch,
2025-11-06T17:45:43Z,ce_batch,200,25.399,11.792,http://34.8.201.151/send/batch,
2025-11-06T17:45:43Z,ce_batch,200,17.189,12.021,http://34.8.201.151/send/batch,
2025-11-06T17:45:44Z,ce_batch,200,21.238,13.802,http://34.8.201.151/send/batch,
2025-11-06T17:45:45Z,ce_batch,200,17.747,11.952,http://34.8.201.151/send/batch,
2025-11-06T17:45:45Z,ce_batch,200,16.442,11.237,http://34.8.201.151/send/batch,
2025-11-06T17:45:46Z,ce_batch,200,17.095,11.212,http://34.8.201.151/send/batch,
2025-11-06T17:45:47Z,ce_batch,200,16.014,11.133,http://34.8.201.151/send/batch,
2025-11-06T17:45:48Z,ce_batch,200,16.817,12.454,http://34.8.201.151/send/batch,
2025-11-06T17:45:48Z,ce_batch,200,17.442,12.614,http://34.8.201.151/send/batch,
2025-11-06T17:45:49Z,ce_batch,200,16.017,11.279,http://34.8.201.151/send/batch,
2025-11-06T17:45:50Z,ce_batch,200,17.457,11.757,http://34.8.201.151/send/batch,
2025-11-06T17:45:50Z,ce_batch,200,17.098,11.991,http://34.8.201.151/send/batch,
2025-11-06T17:45:51Z,ce_batch,200,18.616,13.466,http://34.8.201.151/send/batch,
2025-11-06T17:45:52Z,ce_batch,200,19.712,12.322,http://34.8.201.151/send/batch,
2025-11-06T17:45:52Z,ce_batch,200,19.969,12.46,http://34.8.201.151/send/batch,
2025-11-06T17:45:53Z,ce_batch,200,15.871,11.761,http://34.8.201.151/send/batch,
2025-11-06T17:45:54Z,ce_batch,200,19.29,13.233,http://34.8.201.151/send/batch,
2025-11-06T17:45:54Z,ce_batch,200,17.341,11.546,http://34.8.201.151/send/batch,
2025-11-06T17:45:55Z,ce_batch,200,18.296,12.382,http://34.8.201.151/send/batch,
2025-11-06T17:45:56Z,ce_batch,200,18.175,10.858,http://34.8.201.151/send/batch,
2025-11-06T17:45:57Z,ce_batch,200,19.12,11.993,http://34.8.201.151/send/batch,
2025-11-06T17:45:57Z,ce_batch,200,16.306,11.215,http://34.8.201.151/send/batch,
2025-11-06T17:45:58Z,ce_batch,200,22.051,12.298,http://34.8.201.151/send/batch,
2025-11-06T17:45:59Z,ce_batch,200,23.384,11.223,http://34.8.201.151/send/batch,
2025-11-06T17:45:59Z,ce_batch,200,17.019,11.798,http://34.8.201.151/send/batch,
2025-11-06T17:46:00Z,ce_batch,200,17.965,11.648,http://34.8.201.151/send/batch,
2025-11-06T17:46:01Z,ce_batch,200,19.072,11.584,http://34.8.201.151/send/batch,
2025-11-06T17:46:01Z,ce_batch,200,18.311,12.044,http://34.8.201.151/send/batch,
2025-11-06T17:46:02Z,ce_batch,200,18.492,11.768,http://34.8.201.151/send/batch,
2025-11-06T17:46:03Z,ce_batch,200,16.766,12.108,http://34.8.201.151/send/batch,
2025-11-06T17:46:04Z,ce_batch,200,16.105,11.3,http://34.8.201.151/send/batch,
2025-11-06T17:46:04Z,ce_batch,200,16.798,11.554,http://34.8.201.151/send/batch,
2025-11-06T17:46:05Z,ce_batch,200,23.832,16.222,http://34.8.201.151/send/batch,
